{"accuracy": [0.0513869933784008, 0.10186448693275452, 0.2273760735988617, 0.3524329364299774, 0.47021374106407166, 0.5738972425460815, 0.6316507458686829, 0.6352887749671936, 0.6916780471801758, 0.7444292902946472, 0.7785357236862183, 0.7999090552330017, 0.8008185625076294, 0.817189633846283, 0.8331059813499451, 0.8431105017662048, 0.840836763381958, 0.8281036615371704, 0.8585720658302307, 0.8835834264755249, 0.899499773979187, 0.8849477171897888, 0.9117780923843384, 0.8999544978141785, 0.9013187885284424, 0.9017735123634338, 0.9299681782722473, 0.9145066142082214, 0.9154161214828491, 0.8931332230567932, 0.9199635982513428, 0.9113233089447021, 0.9185993671417236, 0.9167803525924683, 0.9322419166564941], "loss": [74.92689514160156, 2.9964089393615723, 2.699188709259033, 2.2621424198150635, 1.936120867729187, 1.472459077835083, 1.3493943214416504, 1.3051775693893433, 1.1052755117416382, 0.9498255848884583, 0.7935927510261536, 0.7418872714042664, 0.7799277305603027, 0.6883339881896973, 0.635040819644928, 0.5913096070289612, 0.6350335478782654, 0.7057218551635742, 0.5249963998794556, 0.4433506727218628, 0.3979106545448303, 0.435709685087204, 0.35501229763031006, 0.3850976526737213, 0.42187246680259705, 0.37955084443092346, 0.27590739727020264, 0.3103252649307251, 0.37003085017204285, 0.4200062155723572, 0.29660001397132874, 0.34898608922958374, 0.3005707263946533, 0.32402122020721436, 0.27651500701904297], "val_accuracy": [0.15454545617103577, 0.30454546213150024, 0.4545454680919647, 0.5863636136054993, 0.7090908885002136, 0.7954545617103577, 0.8363636136054993, 0.8409090638160706, 0.8590909242630005, 0.8863636255264282, 0.8818181753158569, 0.8954545259475708, 0.8727272748947144, 0.9227272868156433, 0.9363636374473572, 0.9136363863945007, 0.918181836605072, 0.9136363863945007, 0.9409090876579285, 0.9363636374473572, 0.9318181872367859, 0.9590908885002136, 0.9636363387107849, 0.9545454382896423, 0.9636363387107849, 0.9545454382896423, 0.9636363387107849, 0.9545454382896423, 0.9363636374473572, 0.9636363387107849, 0.9727272987365723, 0.9590908885002136, 0.9636363387107849, 0.9590908885002136, 0.9545454382896423], "val_loss": [3.046083927154541, 2.686953544616699, 2.2408576011657715, 1.6970810890197754, 1.2449184656143188, 0.928303062915802, 0.843501091003418, 0.7818300127983093, 0.5995391607284546, 0.4893746078014374, 0.5004441738128662, 0.3776034712791443, 0.48457491397857666, 0.2970888614654541, 0.25972384214401245, 0.35186392068862915, 0.35501208901405334, 0.3145478069782257, 0.2383856177330017, 0.2310715615749359, 0.2812501788139343, 0.16808153688907623, 0.14755436778068542, 0.17613083124160767, 0.16739597916603088, 0.15845920145511627, 0.13415636122226715, 0.15025950968265533, 0.21451403200626373, 0.1319388896226883, 0.11640912294387817, 0.15897530317306519, 0.11131438612937927, 0.18773259222507477, 0.13569611310958862]}